twixt,0.0020484605609650073
absence,0.0020484605609650073
egypt,0.0020484605609650073
thane,0.0020484605609650073
greeting,0.0020484605609650073
bohemia,0.0020484605609650073
disposed,0.0020484605609650073
cawdor,0.0020484605609650073
shakes,0.0020484605609650073
throng,0.0020484605609650073
sicilia,0.0020484605609650073
fulvia,0.0020484605609650073
sixteen,0.0020484605609650073
liar,0.0020484605609650073
judgments,0.0020484605609650073
worthiest,0.0020484605609650073
nearest,0.0020484605609650073
mingle,0.0020484605609650073
laying,0.0020484605609650073
trusted,0.0020484605609650073
conquer'd,0.0020484605609650073
gap,0.0020484605609650073
abhorred,0.0020484605609650073
antonius,0.0020484605609650073
effected,0.0020484605609650073
courts,0.0020484605609650073
method,0.0020484605609650073
isis,0.0020484605609650073
declined,0.0020484605609650073
glamis,0.0020484605609650073
kerns,0.0020484605609650073
boarded,0.0020484605609650073
thunders,0.0020484605609650073
entertained,0.0020484605609650073
mature,0.0020484605609650073
parthia,0.0020484605609650073
truths,0.0020484605609650073
partake,0.0020484605609650073
rapt,0.0020484605609650073
peerless,0.0020484605609650073
rack'd,0.0020484605609650073
unsettled,0.0020484605609650073
lamented,0.0020484605609650073
nile,0.0020484605609650073
boats,0.0020484605609650073
hotter,0.0020484605609650073
rely,0.0020484605609650073
workman,0.0020484605609650073
creeps,0.0020484605609650073
alexandria,0.0020484605609650073
homeward,0.0020484605609650073
clipp'd,0.0020484605609650073
mincing,0.0020484605609650073
supplies,0.0020484605609650073
swell'd,0.0020484605609650073
steer,0.0020484605609650073
sinking,0.0020484605609650073
tended,0.0020484605609650073
helped,0.0020484605609650073
brim,0.0020484605609650073
plainer,0.0020484605609650073
varying,0.0020484605609650073
constrained,0.0020484605609650073
maker,0.0020484605609650073
spectators,0.0020484605609650073
blocks,0.0020484605609650073
warrants,0.0020484605609650073
profess'd,0.0020484605609650073
speediest,0.0020484605609650073
fewer,0.0020484605609650073
unreverent,0.0020484605609650073
fugitive,0.0020484605609650073
augmented,0.0020484605609650073
prologues,0.0020484605609650073
impudence,0.0020484605609650073
armipotent,0.0020484605609650073
pillar,0.0020484605609650073
commits,0.0020484605609650073
pompeius,0.0020484605609650073
fleeting,0.0020484605609650073
ptolemy,0.0020484605609650073
mecaenas,0.0020484605609650073
cydnus,0.0020484605609650073
dimpled,0.0020484605609650073
edges,0.0020484605609650073
waged,0.0020484605609650073
from's,0.0020484605609650073
fen,0.0020484605609650073
brats,0.0020484605609650073
parent,0.0020484605609650073
unfledged,0.0020484605609650073
mistrusted,0.0020484605609650073
milky,0.0020484605609650073
fiction,0.0020484605609650073
gambols,0.0020484605609650073
signet,0.0020484605609650073
resemblance,0.0020484605609650073
allowing,0.0020484605609650073
heath,0.0020484605609650073
norweyan,0.0020484605609650073
munch'd,0.0020484605609650073
scone,0.0020484605609650073
incident,0.0020484605609650073
wild-duck,0.0020484605609650073
comic,0.0020484605609650073
rumor,0.0020484605609650073
shoved,0.0020484605609650073
supernatural,0.0020484605609650073
nessus,0.0020484605609650073
sever,0.0020484605609650073
dungy,0.0020484605609650073
lydia,0.0020484605609650073
garboils,0.0020484605609650073
warr'd,0.0020484605609650073
lamentably,0.0020484605609650073
tributaries,0.0020484605609650073
diminutives,0.0020484605609650073
uplift,0.0020484605609650073
chanticleer,0.0020484605609650073
voyages,0.0020484605609650073
basting,0.0020484605609650073
slave's,0.0020484605609650073
harrow,0.0020484605609650073
mows,0.0020484605609650073
pervert,0.0020484605609650073
journal,0.0020484605609650073
leonati,0.0020484605609650073
beginners,0.0020484605609650073
paddling,0.0020484605609650073
o'errule,0.0020484605609650073
chalice,0.0020484605609650073
equivocation,0.0020484605609650073
mutines,0.0020484605609650073
vineyards,0.0020484605609650073
deracinate,0.0020484605609650073
muzzled,0.0020484605609650073
mousing,0.0020484605609650073
baynard's,0.0020484605609650073
callest,0.0020484605609650073
physics,0.0020484605609650073
agitation,0.0020484605609650073
avouches,0.0020484605609650073
difficulties,0.0020484605609650073
arch-villain,0.0020484605609650073
unquietness,0.0020484605609650073
bianco's,0.0020484605609650073
argier,0.0020484605609650073
reigning,0.0020484605609650073
deeps,0.0020484605609650073
eyebrows,0.0020484605609650073
asks,0.0020484605609650073
rakers,0.0020484605609650073
bacons,0.0020484605609650073
tripartite,0.0020484605609650073
trench,0.0020484605609650073
co'fil,0.0020484605609650073
well-respected,0.0020484605609650073
journey-bated,0.0020484605609650073
pellmell,0.0020484605609650073
champagne,0.0020484605609650073
precinct,0.0020484605609650073
relieving,0.0020484605609650073
laid'st,0.0020484605609650073
policies,0.0020484605609650073
strained,0.0020484605609650073
ta,0.0020484605609650073
tidy,0.0020484605609650073
warming,0.0020484605609650073
defamed,0.0020484605609650073
culpable,0.0020484605609650073
lime-twigs,0.0020484605609650073
parch'd,0.0020484605609650073
tugging,0.0020484605609650073
mow'd,0.0020484605609650073
persecuted,0.0020484605609650073
bunting,0.0020484605609650073
over-night,0.0020484605609650073
re-send,0.0020484605609650073
self-affairs,0.0020484605609650073
momentany,0.0020484605609650073
cues,0.0020484605609650073
jole,0.0020484605609650073
wood-birds,0.0020484605609650073
hard-handed,0.0020484605609650073
gleams,0.0020484605609650073
church-way,0.0020484605609650073
weet,0.0020484605609650073
teller,0.0020484605609650073
becomings,0.0020484605609650073
dear'd,0.0020484605609650073
modena,0.0020484605609650073
soberly,0.0020484605609650073
arm-gaunt,0.0020484605609650073
justest,0.0020484605609650073
curstness,0.0020484605609650073
gibe,0.0020484605609650073
divers-colour'd,0.0020484605609650073
billiards,0.0020484605609650073
factors,0.0020484605609650073
variance,0.0020484605609650073
seedsman,0.0020484605609650073
routed,0.0020484605609650073
ne'er-yet-beaten,0.0020484605609650073
reconciler,0.0020484605609650073
rivality,0.0020484605609650073
stablishment,0.0020484605609650073
show-place,0.0020484605609650073
cilicia,0.0020484605609650073
unshown,0.0020484605609650073
philadelphos,0.0020484605609650073
malchus,0.0020484605609650073
submits,0.0020484605609650073
forborne,0.0020484605609650073
boggler,0.0020484605609650073
seel,0.0020484605609650073
halter'd,0.0020484605609650073
enfranched,0.0020484605609650073
cold-hearted,0.0020484605609650073
restores,0.0020484605609650073
scotches,0.0020484605609650073
vesper's,0.0020484605609650073
annex'd,0.0020484605609650073
defeat'st,0.0020484605609650073
reaping,0.0020484605609650073
squeaking,0.0020484605609650073
milked,0.0020484605609650073
videlicit,0.0020484605609650073
insomuch,0.0020484605609650073
undividable,0.0020484605609650073
dowsabel,0.0020484605609650073
hollow-eyed,0.0020484605609650073
particularise,0.0020484605609650073
parasite's,0.0020484605609650073
inclinable,0.0020484605609650073
brunt,0.0020484605609650073
numa's,0.0020484605609650073
exposture,0.0020484605609650073
foxship,0.0020484605609650073
temporized,0.0020484605609650073
contrariety,0.0020484605609650073
unvulnerable,0.0020484605609650073
fifes,0.0020484605609650073
o'er-rate,0.0020484605609650073
definite,0.0020484605609650073
stowage,0.0020484605609650073
styled,0.0020484605609650073
full-acorn'd,0.0020484605609650073
paled,0.0020484605609650073
nimbler,0.0020484605609650073
self-danger,0.0020484605609650073
common-kissing,0.0020484605609650073
sore-shaming,0.0020484605609650073
ods,0.0020484605609650073
steer'd,0.0020484605609650073
stiller,0.0020484605609650073
hanging's,0.0020484605609650073
winnow,0.0020484605609650073
unspoken,0.0020484605609650073
torturers,0.0020484605609650073
pardon's,0.0020484605609650073
delated,0.0020484605609650073
attent,0.0020484605609650073
prolongs,0.0020484605609650073
stowed,0.0020484605609650073
enviously,0.0020484605609650073
yaughan,0.0020484605609650073
calf-skins,0.0020484605609650073
tanned,0.0020484605609650073
scarf'd,0.0020484605609650073
mender,0.0020484605609650073
chimney-tops,0.0020484605609650073
clinquant,0.0020484605609650073
poultney,0.0020484605609650073
brother-love,0.0020484605609650073
great-grandsire's,0.0020484605609650073
greener,0.0020484605609650073
retourne,0.0020484605609650073
boastful,0.0020484605609650073
ill-disposed,0.0020484605609650073
avez,0.0020484605609650073
old-faced,0.0020484605609650073
silver-bright,0.0020484605609650073
presences,0.0020484605609650073
dispiteous,0.0020484605609650073
dismissing,0.0020484605609650073
guardians,0.0020484605609650073
cub-drawn,0.0020484605609650073
snuffs,0.0020484605609650073
shelter'd,0.0020484605609650073
buzzed,0.0020484605609650073
thrusteth,0.0020484605609650073
bespake,0.0020484605609650073
daintiness,0.0020484605609650073
annothanize,0.0020484605609650073
cauf,0.0020484605609650073
educate,0.0020484605609650073
dismask'd,0.0020484605609650073
tooth-drawer,0.0020484605609650073
gravities,0.0020484605609650073
norways,0.0020484605609650073
colme's,0.0020484605609650073
commencing,0.0020484605609650073
partner's,0.0020484605609650073
missives,0.0020484605609650073
procreant,0.0020484605609650073
beelzebub,0.0020484605609650073
indissoluble,0.0020484605609650073
summer-seeming,0.0020484605609650073
vulnerable,0.0020484605609650073
cheek-roses,0.0020484605609650073
fruit-dish,0.0020484605609650073
awakens,0.0020484605609650073
forerunning,0.0020484605609650073
bushels,0.0020484605609650073
midas,0.0020484605609650073
intercessors,0.0020484605609650073
baned,0.0020484605609650073
scholarly,0.0020484605609650073
tinderbox,0.0020484605609650073
operations,0.0020484605609650073
depeche,0.0020484605609650073
war-thoughts,0.0020484605609650073
willow-tree,0.0020484605609650073
daffed,0.0020484605609650073
facile,0.0020484605609650073
snipe,0.0020484605609650073
loveliness,0.0020484605609650073
guesses,0.0020484605609650073
displant,0.0020484605609650073
divideth,0.0020484605609650073
paucas,0.0020484605609650073
three-legg'd,0.0020484605609650073
unparted,0.0020484605609650073
all-amazed,0.0020484605609650073
dashes,0.0020484605609650073
fraughting,0.0020484605609650073
closeness,0.0020484605609650073
sorceries,0.0020484605609650073
deservedly,0.0020484605609650073
acquisition,0.0020484605609650073
translates,0.0020484605609650073
resumes,0.0020484605609650073
high-viced,0.0020484605609650073
king-killer,0.0020484605609650073
uncheque'd,0.0020484605609650073
viler,0.0020484605609650073
settlest,0.0020484605609650073
sorrow'd,0.0020484605609650073
entomb'd,0.0020484605609650073
big-boned,0.0020484605609650073
ransack,0.0020484605609650073
indrench'd,0.0020484605609650073
primogenitive,0.0020484605609650073
to-be-pitied,0.0020484605609650073
closet-war,0.0020484605609650073
plaguy,0.0020484605609650073
arion,0.0020484605609650073
penned,0.0020484605609650073
entertainest,0.0020484605609650073
lifelings,0.0020484605609650073
mercatio,0.0020484605609650073
stopt,0.0020484605609650073
insufficience,0.0020484605609650073
attorneyed,0.0020484605609650073
gainsaying,0.0020484605609650073
fecks,0.0020484605609650073
came't,0.0020484605609650073
flax-wench,0.0020484605609650073
thrifts,0.0020484605609650073
findings,0.0020484605609650073
shorn,0.0020484605609650073
bases,0.0020484605609650073
peepeth,0.0020484605609650073
green-sward,0.0020484605609650073
stretch-mouthed,0.0020484605609650073
discontenting,0.0020484605609650073
shoe-tie,0.0020484605609650073
ram-tender,0.0020484605609650073
heirless,0.0020484605609650073
over-much,0.0020484605609650073
quitted,0.0020484605609650073
julio,0.0020484605609650073
romano,0.0020484605609650073
relished,0.0020484605609650073
hail,0.0019788423040515038
absolute,0.001904929073260255
moves,0.0018673370927490386
ships,0.0018601730988764172
moe,0.0018438696155981522
women's,0.0018242471761792088
thick,0.0018001444363209623
peep,0.0017858902448993723
nobleness,0.0017858902448993723
approaches,0.0017514019721915981
report,0.0017477798592616324
sleepy,0.0017055937817644204
prepared,0.0016683655312885544
hereditary,0.0015987937004800408
partner,0.0015735809157074092
penitent,0.0015451461615411668
negligent,0.0015451461615411668
load,0.0015240727924624414
reigns,0.0015128118506094236
verily,0.0015128118506094236
stage,0.001501021700545908
tribute,0.0014949161034947622
pray'd,0.0014756933816504473
ninth,0.0014756933816504473
tickled,0.0014756933816504473
owed,0.0013819667128041812
shipping,0.0013819667128041812
reckon'd,0.0013819667128041812
syria,0.0013819667128041812
travelling,0.0013819667128041812
alike,0.0013429271659988699
residence,0.00132151146782261
confusion,0.0012918451273752915
courtesies,0.0012480114719254035
credulous,0.0012480114719254035
cumberland,0.0012480114719254035
troyan,0.0012480114719254035
figs,0.0012480114719254035
drave,0.0012480114719254035
patch'd,0.0012480114719254035
into't,0.0012480114719254035
islands,0.0012480114719254035
predecessors,0.0012480114719254035
denote,0.0012480114719254035
cracks,0.0012480114719254035
thirst,0.001156623288918656
decreed,0.001156623288918656
hearers,0.0011209880854667971
petty,0.001095497885868544
women,0.0010450693760554262
swells,0.0010397723361047222
frets,0.0010397723361047222
sicily,0.0010397723361047222
vanish,0.0010397723361047222
reeds,0.0010397723361047222
grumbling,0.0010397723361047222
residing,0.0010397723361047222
harshness,0.0010397723361047222
prescience,0.0010397723361047222
womanly,0.0010397723361047222
refusing,0.0010397723361047222
unpeopled,0.0010397723361047222
freshest,0.0010397723361047222
topmast,0.0010397723361047222
wall'd,0.0010397723361047222
compassing,0.0010397723361047222
sightless,0.0010397723361047222
slipper,0.0010397723361047222
matters,0.0010092317944580872
departure,0.0010001431767909321
holp,0.0009932157568803717
frail,0.0009932157568803717
contend,0.0009833534067417097
prevented,0.0009570768541124426
praises,0.0009418796637527201
laugh'd,0.0009418796637527201
functions,0.0009418796637527201
failing,0.0009418796637527201
battlements,0.0009418796637527201
look'd,0.0009282121415521293
broached,0.0008849960350784547
frustrate,0.0008849960350784547
extenuate,0.0008849960350784547
present,0.0008642191969930566
speeches,0.0008216346274474793
herd,0.0008216346274474793
universal,0.0008216346274474793
constrain'd,0.0008216346274474793
seem'd,0.0008112428572062876
whip,0.0007871809156820662
blasted,0.0007871809156820662
wish'd,0.000771794401908107
chance,0.0007522651516742886
grieve,0.0007506670957560921
shook,0.0007448556130072879
guest,0.0007354454187569765
mend,0.0007250928308680708
vantage,0.0007250928308680708
ingratitude,0.0007198537186395463
strokes,0.0007155355797249462
success,0.0007136491877984013
breaking,0.0007119152088688883
garden,0.0007088361323115044
audience,0.0007038794597036199
pace,0.0006707310451626357
kingdoms,0.0006707310451626357
shepherd's,0.0006707310451626357
revolted,0.0006707310451626357
slack,0.0006707310451626357
opening,0.0006707310451626357
abides,0.0006707310451626357
hay,0.0006707310451626357
banners,0.0006707310451626357
gain'd,0.0006707310451626357
harlot,0.0006707310451626357
dawning,0.0006707310451626357
alisander,0.0006707310451626357
garlic,0.0006707310451626357
ire,0.0006707310451626357
plutus,0.0006707310451626357
parthian,0.0006707310451626357
bracelet,0.0006707310451626357
annual,0.0006707310451626357
gratulate,0.0006707310451626357
professions,0.0006707310451626357
sharing,0.0006707310451626357
engraved,0.0006707310451626357
surgeon's,0.0006707310451626357
hoarded,0.0006707310451626357
spares,0.0006707310451626357
slaughter-man,0.0006707310451626357
fount,0.0006707310451626357
bug,0.0006707310451626357
scolds,0.0006707310451626357
affect'st,0.0006707310451626357
wearer,0.0006707310451626357
performs,0.0006707310451626357
diminution,0.0006707310451626357
startle,0.0006707310451626357
fester,0.0006707310451626357
tarquin's,0.0006707310451626357
blended,0.0006707310451626357
expulsion,0.0006707310451626357
patroness,0.0006707310451626357
lean'd,0.0006707310451626357
garrison'd,0.0006707310451626357
sable,0.0006707310451626357
envenom,0.0006707310451626357
carrions,0.0006707310451626357
unicorns,0.0006707310451626357
mention,0.0006707310451626357
englutted,0.0006707310451626357
maps,0.0006707310451626357
cudgels,0.0006707310451626357
slippers,0.0006707310451626357
head-piece,0.0006707310451626357
hurl'd,0.0006707310451626357
disgracious,0.0006707310451626357
golgotha,0.0006707310451626357
transgressing,0.0006707310451626357
aleppo,0.0006707310451626357
tell-tales,0.0006707310451626357
stainless,0.0006707310451626357
larums,0.0006707310451626357
restraining,0.0006707310451626357
bohemia's,0.0006707310451626357
higher,0.0006381208769915245
hearing,0.000610268916442222
touch'd,0.0006039306181374772
pronounce,0.0006039306181374772
services,0.0005802112230179374
spoke,0.0005621432943559945
description,0.0005606791307848487
greatest,0.0005565746958180702
greater,0.0005502865395255565
wishes,0.0005473747310361945
sullen,0.0005473747310361945
inclined,0.0005473747310361945
prosperous,0.0005421962299292048
preserve,0.0005421962299292048
admired,0.0005304180468653424
prophecies,0.0005304180468653424
cropp'd,0.0005304180468653424
puts,0.0005236824636275884
view,0.0005103918638237264
lesser,0.0004908986634563935
bristol,0.00047729282226346303
picking,0.00047729282226346303
feeder,0.00047729282226346303
inland,0.00047729282226346303
anchors,0.00047729282226346303
grieving,0.00047729282226346303
embracements,0.00047729282226346303
thou'rt,0.00046881000441846045
sets,0.0004614716783695462
dignity,0.00045710599874328
fall'n,0.00043225064773398046
conversation,0.00043225064773398046
throughly,0.00043225064773398046
worthy,0.00043123825900284106
note,0.00042766923665963047
purposes,0.00042062525830324294
divine,0.0004088518202868233
discipline,0.00040092024557743575
believed,0.00039365220862303083
equal,0.000386591789782296
harsh,0.0003819960824350228
saucy,0.00036026698141306945
contracted,0.00036026698141306945
open'd,0.00036026698141306945
dismay,0.00036026698141306945
unsure,0.00036026698141306945
bathe,0.00036026698141306945
stride,0.00036026698141306945
rustling,0.00036026698141306945
risen,0.00036026698141306945
froze,0.00036026698141306945
erebus,0.00036026698141306945
collect,0.00036026698141306945
pilot's,0.00036026698141306945
fervor,0.00036026698141306945
blemishes,0.00036026698141306945
lots,0.00036026698141306945
requested,0.00036026698141306945
rankness,0.00036026698141306945
invulnerable,0.00036026698141306945
loads,0.00036026698141306945
lapis,0.00036026698141306945
theme,0.000340432371410441
beheld,0.000340432371410441
delicate,0.000340432371410441
government,0.00033807467435407996
tend,0.0003350809855272747
deserved,0.0003311539316723209
rush,0.0003311539316723209
born,0.0003195030800928457
discovery,0.00031796434936339933
stol'n,0.0003125628001664145
assist,0.0003055816598368138
chafed,0.0003055816598368138
howling,0.0003055816598368138
made,0.00029833297847846573
thousands,0.00029621076204277983
great,0.0002953553482003159
expectation,0.0002923316038003184
retain,0.0002829735471722449
resemble,0.0002829735471722449
eke,0.0002829735471722449
necessity,0.0002706360099737362
practised,0.00026286921890286024
caesar's,0.0002608827634642317
ends,0.00025997377803015564
dismal,0.0002483362351168949
threatening,0.0002483362351168949
things,0.00024387539830052896
wing,0.00024248509578274878
mark,0.00023546523902296247
eating,0.00022875343988792407
begging,0.00022875343988792407
radiant,0.00022875343988792407
bequeath,0.00022875343988792407
leaning,0.00022875343988792407
entrap,0.00022875343988792407
severity,0.00022875343988792407
fustian,0.00022875343988792407
crowd,0.00022875343988792407
cable,0.00022875343988792407
sharply,0.00022875343988792407
steads,0.00022875343988792407
tinct,0.00022875343988792407
fruitless,0.00022875343988792407
twins,0.00022875343988792407
juno's,0.00022875343988792407
hinder'd,0.00022875343988792407
attribute,0.00022875343988792407
e'en,0.0002176941004541875
infect,0.00021144682595045458
silly,0.00020743290022955804
design,0.00020743290022955804
tear,0.00020525297989785847
hearts,0.0002043455559585564
gratis,0.00018900254333652154
treasons,0.00017294515280665473
strange,0.00016439154242058632
tenor,0.00015885707435920568
dirt,0.00015885707435920568
waits,0.00015885707435920568
lively,0.00015885707435920568
caterpillars,0.00015885707435920568
roasted,0.00015885707435920568
fulness,0.00015885707435920568
lacking,0.00015885707435920568
jollity,0.00015885707435920568
slime,0.00015885707435920568
shouting,0.00015885707435920568
bolts,0.00015885707435920568
doings,0.00015885707435920568
worshipp'd,0.00015885707435920568
story,0.00015454149284020786
inclination,0.0001353755082915708
overthrown,0.0001353755082915708
children,0.00013214350754309377
feeling,0.0001313008661347852
time,0.0001277995549717323
stain,0.00011668267226714116
combined,0.00011668267226714116
covered,0.00011668267226714116
enrich'd,0.00011668267226714116
began,0.00010432388975891517
fold,0.000101531498557529
elements,9.711154760997035e-05
grant,9.657860717413169e-05
sides,8.906325863048218e-05
opposed,8.906325863048218e-05
file,8.906325863048218e-05
crosses,8.906325863048218e-05
bated,8.906325863048218e-05
strains,8.906325863048218e-05
nicely,8.906325863048218e-05
conqueror,8.193344894485035e-05
met,7.086437818549657e-05
street,6.990665242382169e-05
military,6.990665242382169e-05
captives,6.990665242382169e-05
swine,6.990665242382169e-05
point,6.625077414990446e-05
prisoner,6.480564975241492e-05
knowledge,6.480564975241492e-05
swell,6.244728184747378e-05
labour,6.108878733695554e-05
coming,5.755610690669142e-05
satisfy,5.604251980319168e-05
sights,5.604251980319168e-05
scant,5.604251980319168e-05
greasy,5.604251980319168e-05
nations,5.604251980319168e-05
dishes,5.604251980319168e-05
brain,5.181440063811563e-05
home,5.1548119762767766e-05
officers,4.88193715721496e-05
dearest,4.5674556984398514e-05
lets,4.5674556984398514e-05
walked,4.5674556984398514e-05
stratagem,4.5674556984398514e-05
attach,4.5674556984398514e-05
midwife,4.5674556984398514e-05
truest,4.5674556984398514e-05
appeared,4.5674556984398514e-05
abhorr'd,4.5674556984398514e-05
mock,4.3491314518171924e-05
kings,4.254473086653798e-05
ere,3.969283409676282e-05
preserved,3.7717002066726935e-05
floods,3.7717002066726935e-05
entrails,3.7717002066726935e-05
avouch,3.7717002066726935e-05
direct,3.5472994762274095e-05
gainst,3.520482998488726e-05
say'st,3.4415944234107124e-05
pleasure,3.147929522770397e-05
worst,3.147929522770397e-05
states,3.147929522770397e-05
survey,3.147929522770397e-05
corner,3.147929522770397e-05
ache,3.147929522770397e-05
band,2.885601096487377e-05
wore,2.885601096487377e-05
thirty,2.6503764128171382e-05
shelter,2.6503764128171382e-05
rheum,2.247658422866927e-05
proceed,2.1764235468998348e-05
sounds,2.074676224581609e-05
deed,1.9478579282888556e-05
shirt,1.9176322701074664e-05
stomachs,1.9176322701074664e-05
provoked,1.644288025537324e-05
requires,1.644288025537324e-05
shores,1.644288025537324e-05
runs,1.3155167998675569e-05
question,1.2232897001467579e-05
tie,1.2232897001467579e-05
anointed,1.2232897001467579e-05
impatient,1.0599497602911475e-05
tales,1.0599497602911475e-05
tells,9.205157930689552e-06
make,8.230696133829088e-06
descend,8.008505659391951e-06
waked,8.008505659391951e-06
souls,7.577599758457736e-06
fear,7.0256196798831505e-06
offer'd,6.9766769900908394e-06
precious,6.083295115380508e-06
tis,5.781146550837353e-06
thousand,5.3510110515950115e-06
end,5.039514501968238e-06
kind,4.811922907166645e-06
dear,4.001875685324081e-06
charity,3.7712633850632423e-06
service,3.401393902812769e-06
sorrow,3.299921273724538e-06
merry,3.2359152343272984e-06
aged,3.0658689612564194e-06
wise,3.035822386313972e-06
send,2.9725316061093545e-06
beauty,2.7736773943385275e-06
drums,2.666024813967731e-06
sworn,2.2703551094851614e-06
masters,1.6001191491051672e-06
bleed,1.4898239395668417e-06
passage,1.4898239395668417e-06
ho,1.350707209285657e-06
lamb,1.2774888205960655e-06
husband's,1.0904624795784571e-06
knave,7.958060652644315e-07
glory,5.712450696256042e-07
advise,5.437990616409658e-07
fits,4.4726412514235583e-07
dare,3.7931491394578387e-07
presently,3.740924502228961e-07
tongues,3.740924502228961e-07
breast,2.912869923777961e-07
wouldst,1.3564972213164856e-07
depart,8.171437119419425e-08
loved,6.911139924533545e-08
winds,6.642285732387682e-08
stone,4.752668789504448e-10
