sea,0.03812722244172264
wind,0.029039905175819836
lost,0.023706045041485577
foul,0.022323192414065586
cold,0.01876728565784275
air,0.01698933227973133
till,0.016594231529039907
blow,0.016396681153694193
land,0.015211378901619914
left,0.01382852627419992
comfort,0.013433425523508494
ere,0.012643224022125641
hold,0.012445673646779929
brought,0.011655472145397076
ear,0.011457921770051362
fire,0.01126037139470565
ship,0.009877518767285659
loss,0.009679968391939945
storm,0.009679968391939945
hath,0.009482418016594232
winds,0.009087317265902806
heavens,0.008889766890557092
blows,0.008494666139865666
lose,0.008494666139865666
frown,0.008494666139865666
dry,0.00809956538917424
warm,0.00809956538917424
remembrance,0.007902015013828527
sail,0.007902015013828527
flood,0.007704464638482813
bark,0.0073093638877913866
attend,0.007111813512445673
shore,0.00691426313709996
stone,0.006716712761754247
tempest,0.006321612011062821
shortly,0.0061240616357171075
sister,0.0061240616357171075
weather,0.005926511260371394
drew,0.005728960885025681
aboard,0.005728960885025681
felt,0.005531410509679968
blown,0.005333860134334255
made,0.005136309758988542
tide,0.005136309758988542
bred,0.004938759383642829
fault,0.004938759383642829
body,0.004741209008297116
hopes,0.004741209008297116
mind,0.004741209008297116
dukedom,0.004741209008297116
arrived,0.004741209008297116
torment,0.004543658632951403
sky,0.00434610825760569
nought,0.00434610825760569
waters,0.00434610825760569
wreck,0.004148557882259977
kiss'd,0.004148557882259977
feet,0.0039510075069142635
telling,0.0039510075069142635
tied,0.0039510075069142635
affliction,0.0039510075069142635
parted,0.0039510075069142635
garment,0.00375345713156855
compass,0.00375345713156855
kingdom,0.0035559067562228367
darkness,0.0035559067562228367
legions,0.0035559067562228367
rough,0.0035559067562228367
vessel,0.0035559067562228367
ears,0.0033583563808771235
tall,0.0033583563808771235
haply,0.0033583563808771235
sails,0.0033583563808771235
strange,0.002963255630185697
farther,0.002963255630185697
swell,0.002963255630185697
split,0.002963255630185697
suits,0.002765705254839984
camest,0.002765705254839984
river,0.002765705254839984
sharp,0.002765705254839984
coldly,0.002765705254839984
fish,0.002568154879494271
burst,0.002568154879494271
landed,0.002568154879494271
methinks,0.002370604504148558
shapes,0.002370604504148558
flight,0.002370604504148558
magic,0.002370604504148558
souls,0.002370604504148558
outrage,0.002370604504148558
raised,0.002370604504148558
harbour,0.002370604504148558
depend,0.002370604504148558
purple,0.002173054128802845
food,0.002173054128802845
muse,0.002173054128802845
seas,0.002173054128802845
omit,0.002173054128802845
ports,0.002173054128802845
sailors,0.002173054128802845
hills,0.002173054128802845
nigh,0.0019755037534571317
unkind,0.0019755037534571317
enmity,0.0019755037534571317
boat,0.0019755037534571317
surly,0.0019755037534571317
stealing,0.0019755037534571317
spies,0.0019755037534571317
frenzy,0.0019755037534571317
control,0.0019755037534571317
flat,0.0017779533781114183
stamp,0.0017779533781114183
cheerly,0.0017779533781114183
thinks,0.0017779533781114183
bells,0.0017779533781114183
mast,0.0017779533781114183
surge,0.0017779533781114183
turkish,0.0017779533781114183
heave,0.0017779533781114183
western,0.0017779533781114183
gentleness,0.0017779533781114183
jolly,0.0017779533781114183
print,0.0017779533781114183
drowning,0.0017779533781114183
starved,0.0015804030027657052
affections,0.0015804030027657052
europe,0.0015804030027657052
funeral,0.0015804030027657052
consume,0.0015804030027657052
caught,0.0015804030027657052
meant,0.0015804030027657052
knowing,0.0015804030027657052
rocks,0.0015804030027657052
wisest,0.0015804030027657052
pitied,0.0015804030027657052
pick'd,0.0015804030027657052
chapel,0.0015804030027657052
mischance,0.001382852627419992
maintained,0.001382852627419992
pen,0.001382852627419992
chains,0.001382852627419992
added,0.001382852627419992
stony,0.001382852627419992
shun,0.001382852627419992
intends,0.001382852627419992
wreck'd,0.001382852627419992
hatches,0.001382852627419992
lamentation,0.001382852627419992
merchandise,0.001382852627419992
anger'd,0.001382852627419992
howling,0.001382852627419992
importuned,0.001382852627419992
therewithal,0.001382852627419992
thankfully,0.001382852627419992
foil,0.001185302252074279
chides,0.001185302252074279
droop,0.001185302252074279
ordain'd,0.001185302252074279
dispersed,0.001185302252074279
flame,0.001185302252074279
toucheth,0.001185302252074279
jealousies,0.001185302252074279
bleeds,0.001185302252074279
lucky,0.001185302252074279
stool,0.001185302252074279
reprove,0.001185302252074279
beguiled,0.001185302252074279
skies,0.001185302252074279
cabin,0.001185302252074279
mariners,0.001185302252074279
provision,0.001185302252074279
spoken,0.0009877518767285659
shelter,0.0009877518767285659
living,0.0009877518767285659
perceive,0.0009877518767285659
admiring,0.0009877518767285659
embossed,0.0009877518767285659
sphere,0.0009877518767285659
salt,0.0009877518767285659
aught,0.0009877518767285659
discern,0.0009877518767285659
fain,0.0009877518767285659
sweep,0.0009877518767285659
lets,0.0009877518767285659
ensign,0.0009877518767285659
description,0.0009877518767285659
peopled,0.0009877518767285659
eunuch,0.0009877518767285659
befall'n,0.0009877518767285659
heedful,0.0009877518767285659
pronounced,0.0009877518767285659
pilot,0.0009877518767285659
parents,0.0009877518767285659
engender'd,0.0009877518767285659
hurried,0.0009877518767285659
frost,0.0009877518767285659
tyrannous,0.0009877518767285659
pleasure,0.0007902015013828526
ribs,0.0007902015013828526
threefold,0.0007902015013828526
assign'd,0.0007902015013828526
indentures,0.0007902015013828526
valued,0.0007902015013828526
fretful,0.0007902015013828526
perpetual,0.0007902015013828526
cream,0.0007902015013828526
continuance,0.0007902015013828526
venture,0.0007902015013828526
stout,0.0007902015013828526
places,0.0007902015013828526
signal,0.0007902015013828526
dalliance,0.0007902015013828526
losing,0.0007902015013828526
binds,0.0007902015013828526
galls,0.0007902015013828526
morsel,0.0007902015013828526
uneasy,0.0007902015013828526
lovedst,0.0007902015013828526
clapp'd,0.0007902015013828526
dogged,0.0007902015013828526
soothe,0.0007902015013828526
rounds,0.0007902015013828526
volley,0.0007902015013828526
noises,0.0007902015013828526
nineteen,0.0007902015013828526
quest,0.0007902015013828526
shapeless,0.0007902015013828526
silks,0.0007902015013828526
aches,0.0007902015013828526
cures,0.0007902015013828526
make't,0.0007902015013828526
hoped,0.0007902015013828526
largess,0.0007902015013828526
spout,0.0007902015013828526
tutors,0.0007902015013828526
winters,0.0007902015013828526
wive,0.0007902015013828526
wild,0.0005926511260371395
scourge,0.0005926511260371395
anon,0.0005926511260371395
leak,0.0005926511260371395
muddy,0.0005926511260371395
breakfast,0.0005926511260371395
larger,0.0005926511260371395
jars,0.0005926511260371395
occasions,0.0005926511260371395
hard-favour'd,0.0005926511260371395
gusts,0.0005926511260371395
deface,0.0005926511260371395
washing,0.0005926511260371395
ghastly,0.0005926511260371395
shorten,0.0005926511260371395
year's,0.0005926511260371395
behoves,0.0005926511260371395
unlike,0.0005926511260371395
wrings,0.0005926511260371395
gazing,0.0005926511260371395
quire,0.0005926511260371395
throws,0.0005926511260371395
fuel,0.0005926511260371395
spring-time,0.0005926511260371395
neapolitan,0.0005926511260371395
bonny,0.0005926511260371395
dedicate,0.0005926511260371395
environed,0.0005926511260371395
stoutly,0.0005926511260371395
impossibilities,0.0005926511260371395
chameleon,0.0005926511260371395
hawthorn,0.0005926511260371395
fortunately,0.0005926511260371395
rigg'd,0.0005926511260371395
sixty,0.0005926511260371395
twins,0.0005926511260371395
pageants,0.0005926511260371395
cottage,0.0005926511260371395
basest,0.0005926511260371395
tripped,0.0005926511260371395
pitiless,0.0005926511260371395
markets,0.0005926511260371395
wreak,0.0005926511260371395
horrid,0.0005926511260371395
madded,0.0005926511260371395
shrieking,0.0005926511260371395
yearn,0.0005926511260371395
perseus,0.0005926511260371395
remembering,0.0005926511260371395
peering,0.0005926511260371395
o'erlook'd,0.0005926511260371395
halloo,0.0005926511260371395
sessa,0.0005926511260371395
badness,0.0005926511260371395
sobs,0.0005926511260371395
divides,0.0005926511260371395
tombs,0.0005926511260371395
pent-house,0.0005926511260371395
perish'd,0.0005926511260371395
signiors,0.0005926511260371395
gaberdine,0.0005926511260371395
neat,0.0003951007506914263
banish'd,0.0003951007506914263
short,0.0003951007506914263
harry's,0.0003951007506914263
cunning,0.0003951007506914263
dagger,0.0003951007506914263
partly,0.0003951007506914263
birth,0.0003951007506914263
cantle,0.0003951007506914263
nag,0.0003951007506914263
hell-fire,0.0003951007506914263
denier,0.0003951007506914263
curtain,0.0003951007506914263
exceeding,0.0003951007506914263
assay,0.0003951007506914263
spying,0.0003951007506914263
porridge,0.0003951007506914263
amazon,0.0003951007506914263
shrewd,0.0003951007506914263
perforce,0.0003951007506914263
troubles,0.0003951007506914263
noble-minded,0.0003951007506914263
glassy,0.0003951007506914263
quietly,0.0003951007506914263
miser,0.0003951007506914263
juggling,0.0003951007506914263
delights,0.0003951007506914263
stuffing,0.0003951007506914263
swoln,0.0003951007506914263
dignify,0.0003951007506914263
instances,0.0003951007506914263
scullion,0.0003951007506914263
goblet,0.0003951007506914263
bait,0.0003951007506914263
pawn'd,0.0003951007506914263
bookish,0.0003951007506914263
gaudy,0.0003951007506914263
cage,0.0003951007506914263
bail,0.0003951007506914263
flexible,0.0003951007506914263
games,0.0003951007506914263
befell,0.0003951007506914263
mellow'd,0.0003951007506914263
belgia,0.0003951007506914263
finger'd,0.0003951007506914263
overboard,0.0003951007506914263
shrouds,0.0003951007506914263
executing,0.0003951007506914263
web,0.0003951007506914263
played,0.0003951007506914263
marriage-day,0.0003951007506914263
limbo,0.0003951007506914263
beached,0.0003951007506914263
snakes,0.0003951007506914263
sparta,0.0003951007506914263
contriving,0.0003951007506914263
cookery,0.0003951007506914263
foison,0.0003951007506914263
acquire,0.0003951007506914263
dear'st,0.0003951007506914263
prescript,0.0003951007506914263
upon't,0.0003951007506914263
lieutenantry,0.0003951007506914263
carouse,0.0003951007506914263
bolden'd,0.0003951007506914263
boughs,0.0003951007506914263
sufficed,0.0003951007506914263
cannon's,0.0003951007506914263
seizure,0.0003951007506914263
distinguish'd,0.0003951007506914263
misfortunes,0.0003951007506914263
thwart,0.0003951007506914263
waved,0.0003951007506914263
usuries,0.0003951007506914263
cancel,0.0003951007506914263
bard,0.0003951007506914263
loan,0.0003951007506914263
copied,0.0003951007506914263
dragg'd,0.0003951007506914263
thereunto,0.0003951007506914263
reads,0.0003951007506914263
knotty,0.0003951007506914263
perceives,0.0003951007506914263
refresh,0.0003951007506914263
dash'd,0.0003951007506914263
overshot,0.0003951007506914263
deceits,0.0003951007506914263
wells,0.0003951007506914263
drench'd,0.0003951007506914263
contentious,0.0003951007506914263
gossamer,0.0003951007506914263
delightful,0.0003951007506914263
joyless,0.0003951007506914263
dallies,0.0003951007506914263
exasperate,0.0003951007506914263
pots,0.0003951007506914263
undervalued,0.0003951007506914263
frize,0.0003951007506914263
plummet,0.0003951007506914263
disproportion'd,0.0003951007506914263
barbarian,0.0003951007506914263
mane,0.0003951007506914263
seaside,0.0003951007506914263
blazoning,0.0003951007506914263
demi-devil,0.0003951007506914263
squirrel,0.0003951007506914263
dooms-day,0.0003951007506914263
verdure,0.0003951007506914263
strutting,0.0003951007506914263
thunder-stroke,0.0003951007506914263
styx,0.0003951007506914263
squared,0.0003951007506914263
thirsty,0.00019755037534571315
true,0.00019755037534571315
shade,0.00019755037534571315
whereof,0.00019755037534571315
cried,0.00019755037534571315
execute,0.00019755037534571315
metal,0.00019755037534571315
offend,0.00019755037534571315
corse,0.00019755037534571315
smarting,0.00019755037534571315
guns,0.00019755037534571315
accusation,0.00019755037534571315
brother's,0.00019755037534571315
racks,0.00019755037534571315
tenants,0.00019755037534571315
finless,0.00019755037534571315
skimble-skamble,0.00019755037534571315
curbs,0.00019755037534571315
wilful-blame,0.00019755037534571315
red-breast,0.00019755037534571315
jesters,0.00019755037534571315
unthought-of,0.00019755037534571315
catch,0.00019755037534571315
wildfire,0.00019755037534571315
pressed,0.00019755037534571315
companies,0.00019755037534571315
lazarus,0.00019755037534571315
wage,0.00019755037534571315
meteor,0.00019755037534571315
new-fall'n,0.00019755037534571315
showering,0.00019755037534571315
potions,0.00019755037534571315
earthy,0.00019755037534571315
triumphant,0.00019755037534571315
decay'd,0.00019755037534571315
recall'd,0.00019755037534571315
concern,0.00019755037534571315
prophecy,0.00019755037534571315
nero,0.00019755037534571315
high-minded,0.00019755037534571315
strong-knit,0.00019755037534571315
wine,0.00019755037534571315
pedigree,0.00019755037534571315
jar,0.00019755037534571315
inkhorn,0.00019755037534571315
contract,0.00019755037534571315
dismay,0.00019755037534571315
breasts,0.00019755037534571315
changed,0.00019755037534571315
master's,0.00019755037534571315
authority,0.00019755037534571315
affection,0.00019755037534571315
diligence,0.00019755037534571315
lurk,0.00019755037534571315
vicious,0.00019755037534571315
distressful,0.00019755037534571315
coldspur,0.00019755037534571315
arrows,0.00019755037534571315
aiming,0.00019755037534571315
ragged'st,0.00019755037534571315
land-service,0.00019755037534571315
yellow,0.00019755037534571315
peeped,0.00019755037534571315
jerkins,0.00019755037534571315
broaches,0.00019755037534571315
aggravate,0.00019755037534571315
forgetfulness,0.00019755037534571315
chances,0.00019755037534571315
dines,0.00019755037534571315
scalds,0.00019755037534571315
swoon,0.00019755037534571315
well-practised,0.00019755037534571315
foremost,0.00019755037534571315
proface,0.00019755037534571315
wantest,0.00019755037534571315
barson,0.00019755037534571315
besonian,0.00019755037534571315
double-charge,0.00019755037534571315
tripe-visaged,0.00019755037534571315
plums,0.00019755037534571315
penance,0.00019755037534571315
rancour's,0.00019755037534571315
thrice-noble,0.00019755037534571315
impugns,0.00019755037534571315
wishest,0.00019755037534571315
politicly,0.00019755037534571315
eye-balls,0.00019755037534571315
adder,0.00019755037534571315
earth's,0.00019755037534571315
elysium,0.00019755037534571315
blabbing,0.00019755037534571315
puddle,0.00019755037534571315
notable,0.00019755037534571315
copies,0.00019755037534571315
departed,0.00019755037534571315
custom'd,0.00019755037534571315
attentive,0.00019755037534571315
unpeople,0.00019755037534571315
poets,0.00019755037534571315
drift,0.00019755037534571315
prolong,0.00019755037534571315
quench,0.00019755037534571315
fiercely,0.00019755037534571315
big-swoln,0.00019755037534571315
hawthorn-bush,0.00019755037534571315
ruthful,0.00019755037534571315
bluntest,0.00019755037534571315
marrow,0.00019755037534571315
albion,0.00019755037534571315
resist,0.00019755037534571315
soonest,0.00019755037534571315
border,0.00019755037534571315
dian,0.00019755037534571315
great-grown,0.00019755037534571315
impiety,0.00019755037534571315
proud-hearted,0.00019755037534571315
axe's,0.00019755037534571315
bright-shining,0.00019755037534571315
narbon,0.00019755037534571315
levity,0.00019755037534571315
disclose,0.00019755037534571315
inducement,0.00019755037534571315
caitiff,0.00019755037534571315
amended,0.00019755037534571315
villiando,0.00019755037534571315
aye,0.00019755037534571315
customary,0.00019755037534571315
watery,0.00019755037534571315
bouncing,0.00019755037534571315
impair,0.00019755037534571315
crook-knee'd,0.00019755037534571315
dew-lapp'd,0.00019755037534571315
quail,0.00019755037534571315
deflower'd,0.00019755037534571315
fought'st,0.00019755037534571315
met'st,0.00019755037534571315
upon's,0.00019755037534571315
unhack'd,0.00019755037534571315
darting,0.00019755037534571315
accumulation,0.00019755037534571315
adallas,0.00019755037534571315
comagene,0.00019755037534571315
photinus,0.00019755037534571315
pharsalia,0.00019755037534571315
justeius,0.00019755037534571315
discandying,0.00019755037534571315
maul,0.00019755037534571315
embattle,0.00019755037534571315
monster-like,0.00019755037534571315
tower'd,0.00019755037534571315
depart'st,0.00019755037534571315
treasurer,0.00019755037534571315
trail,0.00019755037534571315
importunes,0.00019755037534571315
wearying,0.00019755037534571315
fleeces,0.00019755037534571315
sans,0.00019755037534571315
habit,0.00019755037534571315
drunkards,0.00019755037534571315
insinuate,0.00019755037534571315
spouse,0.00019755037534571315
sinking-ripe,0.00019755037534571315
floating,0.00019755037534571315
sconce,0.00019755037534571315
unwed,0.00019755037534571315
comfortless,0.00019755037534571315
popular,0.00019755037534571315
youngly,0.00019755037534571315
scandal'd,0.00019755037534571315
piles,0.00019755037534571315
fold-in,0.00019755037534571315
apron-men,0.00019755037534571315
incapable,0.00019755037534571315
dislodged,0.00019755037534571315
heighten'd,0.00019755037534571315
levies,0.00019755037534571315
subsisting,0.00019755037534571315
garbage,0.00019755037534571315
rangers,0.00019755037534571315
self-figured,0.00019755037534571315
squire's,0.00019755037534571315
sprited,0.00019755037534571315
warmer,0.00019755037534571315
bathing,0.00019755037534571315
full-wing'd,0.00019755037534571315
self-explication,0.00019755037534571315
disprovest,0.00019755037534571315
fumes,0.00019755037534571315
rejoiced,0.00019755037534571315
flushing,0.00019755037534571315
unsifted,0.00019755037534571315
pith,0.00019755037534571315
artery,0.00019755037534571315
seeming-virtuous,0.00019755037534571315
fordoes,0.00019755037534571315
row,0.00019755037534571315
out-herods,0.00019755037534571315
bellowed,0.00019755037534571315
candied,0.00019755037534571315
noyance,0.00019755037534571315
adjoin'd,0.00019755037534571315
new-lighted,0.00019755037534571315
soaks,0.00019755037534571315
document,0.00019755037534571315
unsinew'd,0.00019755037534571315
sipping,0.00019755037534571315
lupercal,0.00019755037534571315
hug,0.00019755037534571315
submitting,0.00019755037534571315
appertain,0.00019755037534571315
seventy-five,0.00019755037534571315
bang,0.00019755037534571315
fuller,0.00019755037534571315
clothiers,0.00019755037534571315
new-trimm'd,0.00019755037534571315
paragon'd,0.00019755037534571315
emblems,0.00019755037534571315
discovers,0.00019755037534571315
powle's,0.00019755037534571315
moorfields,0.00019755037534571315
exampled,0.00019755037534571315
incarnate,0.00019755037534571315
ete,0.00019755037534571315
blessedly,0.00019755037534571315
great-uncle,0.00019755037534571315
occurrences,0.00019755037534571315
half-face,0.00019755037534571315
ocean's,0.00019755037534571315
chevaliers,0.00019755037534571315
potents,0.00019755037534571315
bridal,0.00019755037534571315
convicted,0.00019755037534571315
topful,0.00019755037534571315
wilful-opposite,0.00019755037534571315
dwelling-house,0.00019755037534571315
unreprievable,0.00019755037534571315
machinations,0.00019755037534571315
liars,0.00019755037534571315
pinfold,0.00019755037534571315
bitch,0.00019755037534571315
numb'd,0.00019755037534571315
gallow,0.00019755037534571315
sinning,0.00019755037534571315
brewers,0.00019755037534571315
cutpurses,0.00019755037534571315
squints,0.00019755037534571315
theban,0.00019755037534571315
fum,0.00019755037534571315
frateretto,0.00019755037534571315
unmerciful,0.00019755037534571315
parel,0.00019755037534571315
rebel-like,0.00019755037534571315
restoring,0.00019755037534571315
shiver'd,0.00019755037534571315
vurther,0.00019755037534571315
urges,0.00019755037534571315
rougemont,0.00019755037534571315
tetchy,0.00019755037534571315
misusest,0.00019755037534571315
babbling,0.00019755037534571315
distain,0.00019755037534571315
boundeth,0.00019755037534571315
dateless,0.00019755037534571315
compassionate,0.00019755037534571315
inforced,0.00019755037534571315
leased,0.00019755037534571315
observances,0.00019755037534571315
minime,0.00019755037534571315
caelo,0.00019755037534571315
jerks,0.00019755037534571315
tyburn,0.00019755037534571315
compile,0.00019755037534571315
mourns,0.00019755037534571315
flap-dragon,0.00019755037534571315
rejoiceth,0.00019755037534571315
culled,0.00019755037534571315
maskers,0.00019755037534571315
graymalkin,0.00019755037534571315
cling,0.00019755037534571315
bellona's,0.00019755037534571315
self-comparisons,0.00019755037534571315
exist'st,0.00019755037534571315
delaying,0.00019755037534571315
slandering,0.00019755037534571315
broth,0.00019755037534571315
dock'd,0.00019755037534571315
unlock'd,0.00019755037534571315
describe,0.00019755037534571315
oddly,0.00019755037534571315
sibylla,0.00019755037534571315
hasted,0.00019755037534571315
inscription,0.00019755037534571315
cerecloth,0.00019755037534571315
riddance,0.00019755037534571315
uncheck'd,0.00019755037534571315
trebled,0.00019755037534571315
quiring,0.00019755037534571315
compremises,0.00019755037534571315
rammed,0.00019755037534571315
rankest,0.00019755037534571315
alley,0.00019755037534571315
ancientry,0.00019755037534571315
dumps,0.00019755037534571315
purchaseth,0.00019755037534571315
tinder,0.00019755037534571315
disputed,0.00019755037534571315
steering,0.00019755037534571315
anthropophagi,0.00019755037534571315
wind-shaked,0.00019755037534571315
praisest,0.00019755037534571315
gyve,0.00019755037534571315
weigh'st,0.00019755037534571315
callat,0.00019755037534571315
turban'd,0.00019755037534571315
neighbour-stained,0.00019755037534571315
steerage,0.00019755037534571315
burying,0.00019755037534571315
abhors,0.00019755037534571315
tortoise,0.00019755037534571315
barthol'mew,0.00019755037534571315
vincetino's,0.00019755037534571315
balk,0.00019755037534571315
vincentio's,0.00019755037534571315
rebused,0.00019755037534571315
leges,0.00019755037534571315
lutes,0.00019755037534571315
jills,0.00019755037534571315
sewed,0.00019755037534571315
hailed,0.00019755037534571315
bawling,0.00019755037534571315
a-hold,0.00019755037534571315
widest,0.00019755037534571315
over-topping,0.00019755037534571315
substitution,0.00019755037534571315
sea-sorrow,0.00019755037534571315
vainer,0.00019755037534571315
spiriting,0.00019755037534571315
south-west,0.00019755037534571315
glosses,0.00019755037534571315
breasted,0.00019755037534571315
trinculo's,0.00019755037534571315
dams,0.00019755037534571315
calf-like,0.00019755037534571315
subtilties,0.00019755037534571315
justled,0.00019755037534571315
infest,0.00019755037534571315
expeditious,0.00019755037534571315
bums,0.00019755037534571315
supported,0.00019755037534571315
liquorish,0.00019755037534571315
tamora's,0.00019755037534571315
chilling,0.00019755037534571315
devourers,0.00019755037534571315
honey-dew,0.00019755037534571315
pasties,0.00019755037534571315
unbodied,0.00019755037534571315
importless,0.00019755037534571315
engendering,0.00019755037534571315
self-breath,0.00019755037534571315
bi-fold,0.00019755037534571315
messaline,0.00019755037534571315
tournaments,0.00019755037534571315
launces,0.00019755037534571315
imperial's,0.00019755037534571315
reportest,0.00019755037534571315
unprevented,0.00019755037534571315
rounder,0.00019755037534571315
cleansed,0.00019755037534571315
bed-swerver,0.00019755037534571315
delphos,0.00019755037534571315
behind-door-work,0.00019755037534571315
main-mast,0.00019755037534571315
punishes,0.00019755037534571315
sir's,0.00019755037534571315
advocate's,0.00019755037534571315
beholder,0.00019755037534571315
continuing,0.00019755037534571315
